{"mse": 0.034375, "_timestamp": 1668948695.7822185, "_runtime": 6.014116525650024, "_step": 0, "_wandb": {"runtime": 16}}