{"mse": 0.03854166666666667, "_timestamp": 1668948779.0705311, "_runtime": 6.025411128997803, "_step": 0, "_wandb": {"runtime": 17}}