{"mse": 0.09270833333333334, "_timestamp": 1668948445.7968016, "_runtime": 6.1459245681762695, "_step": 0, "_wandb": {"runtime": 17}}