{"mse": 0.013541666666666667, "_timestamp": 1668948566.0783226, "_runtime": 6.330428600311279, "_step": 0, "_wandb": {"runtime": 17}}