{"mse": 0.065625, "_timestamp": 1668948472.8155434, "_runtime": 6.054060459136963, "_step": 0, "_wandb": {"runtime": 17}}