{"mse": 0.128125, "_timestamp": 1668948413.1912618, "_runtime": 6.04043173789978, "_step": 0, "_wandb": {"runtime": 19}}