{"mse": 0.03854166666666667, "_timestamp": 1668948815.611036, "_runtime": 6.060971975326538, "_step": 0, "_wandb": {"runtime": 15}}