{"mse": 0.034375, "_timestamp": 1668948724.2845876, "_runtime": 6.032545566558838, "_step": 0, "_wandb": {"runtime": 17}}