{"mse": 0.028125, "_timestamp": 1668948602.6393962, "_runtime": 6.037304162979126, "_step": 0, "_wandb": {"runtime": 16}}