{"mse": 0.15833333333333333, "_timestamp": 1668948375.8077867, "_runtime": 6.156624794006348, "_step": 0, "_wandb": {"runtime": 23}}