{"mse": 0.05416666666666667, "_timestamp": 1668948500.1821845, "_runtime": 6.066000461578369, "_step": 0, "_wandb": {"runtime": 17}}