{"mse": 0.03125, "_timestamp": 1668948631.6929998, "_runtime": 6.02619481086731, "_step": 0, "_wandb": {"runtime": 16}}