{"mse": 0.03854166666666667, "_timestamp": 1668948751.5359726, "_runtime": 6.028614521026611, "_step": 0, "_wandb": {"runtime": 17}}