{"mse": 0.17395833333333333, "_timestamp": 1668948348.2795928, "_runtime": 6.316523790359497, "_step": 0, "_wandb": {"runtime": 16}}