{"mse": 0.034375, "_timestamp": 1668948659.2186594, "_runtime": 6.040867328643799, "_step": 0, "_wandb": {"runtime": 18}}