{"mse": 0.019791666666666666, "_timestamp": 1668948536.7286494, "_runtime": 6.058805465698242, "_step": 0, "_wandb": {"runtime": 16}}